ZIP Code,One Dose Administered,Persons Fully Vaccinated
60002,"12,529 (52.06%)","11,684 (48.55%)"
60004,"37,891 (74.42%)","36,293 (71.28%)"
60005,"21,209 (71.8%)","20,243 (68.53%)"
60007,"23,480 (70.26%)","22,501 (67.33%)"
60008,"15,823 (72.47%)","15,097 (69.15%)"
60010,"32,702 (70.96%)","31,029 (67.33%)"
60012,"7,418 (67.69%)","7,014 (64.01%)"
60013,"17,083 (66.14%)","16,289 (63.07%)"
60014,"31,052 (64.1%)","29,366 (60.62%)"
60015,"20,702 (75.41%)","19,431 (70.78%)"
60016,"42,408 (71.11%)","40,370 (67.69%)"
60018,"20,630 (67.89%)","19,441 (63.98%)"
60020,"5,921 (60.25%)","5,518 (56.15%)"
60021,"3,556 (64.1%)","3,385 (61.01%)"
60022,"6,579 (77.61%)","6,066 (71.56%)"
60025,"30,419 (74.17%)","28,802 (70.22%)"
60026,"10,863 (76.94%)","10,200 (72.25%)"
60029,390 (69.64%),359 (64.11%)
60030,"24,016 (65.23%)","22,712 (61.69%)"
60031,"24,303 (65.38%)","22,763 (61.24%)"
60033,"6,674 (48.78%)","6,087 (44.49%)"
60034,880 (42.37%),828 (39.87%)
60035,"23,648 (79.53%)","21,868 (73.55%)"
60040,"3,877 (72.25%)","3,629 (67.63%)"
60041,"4,970 (55.86%)","4,667 (52.46%)"
60042,"5,084 (60.38%)","4,829 (57.35%)"
60043,"1,873 (74.56%)","1,705 (67.87%)"
60044,"7,139 (71.37%)","6,599 (65.97%)"
60045,"15,097 (71.44%)","13,721 (64.93%)"
60046,"20,685 (58.62%)","19,452 (55.13%)"
60047,"30,497 (71.53%)","28,906 (67.8%)"
60048,"20,817 (71.64%)","19,485 (67.06%)"
60050,"18,357 (56.08%)","17,211 (52.58%)"
60051,"13,561 (58.21%)","12,719 (54.59%)"
60053,"18,436 (79.27%)","17,561 (75.51%)"
60056,"38,585 (69.84%)","36,832 (66.66%)"
60060,"25,497 (68.53%)","23,925 (64.3%)"
60061,"19,986 (74.01%)","18,951 (70.18%)"
60062,"33,601 (83.05%)","31,376 (77.55%)"
60064,"7,527 (47.93%)","6,707 (42.71%)"
60067,"29,132 (76.31%)","27,948 (73.21%)"
60068,"28,140 (74.57%)","26,913 (71.32%)"
60069,"6,791 (82.96%)","6,310 (77.08%)"
60070,"10,499 (65.42%)","9,976 (62.16%)"
60071,"1,898 (53%)","1,780 (49.71%)"
60072,526 (51.52%),485 (47.5%)
60073,"36,609 (59.33%)","33,925 (54.98%)"
60074,"25,149 (63.7%)","23,879 (60.49%)"
60076,"26,252 (82.38%)","24,654 (77.37%)"
60077,"20,642 (72.87%)","19,318 (68.19%)"
60081,"4,892 (50.64%)","4,586 (47.47%)"
60083,"5,450 (54.55%)","5,036 (50.41%)"
60084,"10,629 (63.98%)","10,138 (61.03%)"
60085,"40,845 (57.65%)","37,066 (52.32%)"
60087,"15,825 (59.32%)","14,489 (54.31%)"
60088,773 (6.1%),648 (5.12%)
60089,"31,766 (76.74%)","30,258 (73.1%)"
60090,"26,529 (68.95%)","25,085 (65.2%)"
60091,"21,323 (77.92%)","20,139 (73.59%)"
60093,"15,058 (77.45%)","13,830 (71.14%)"
60096,"2,737 (40.23%)","2,480 (36.45%)"
60097,"5,453 (50.37%)","5,119 (47.28%)"
60098,"20,376 (62.65%)","18,979 (58.35%)"
60099,"14,545 (47.02%)","13,123 (42.42%)"
60101,"24,139 (61.55%)","22,603 (57.64%)"
60102,"20,548 (62.76%)","19,596 (59.86%)"
60103,"29,122 (69.02%)","27,769 (65.81%)"
60104,"11,511 (60.59%)","10,574 (55.66%)"
60106,"13,081 (63.93%)","11,901 (58.16%)"
60107,"26,656 (65.92%)","25,260 (62.47%)"
60108,"15,957 (70.09%)","15,121 (66.42%)"
60109,314 (55.28%),299 (52.64%)
60110,"23,161 (58.88%)","21,357 (54.3%)"
60111,146 (97.33%),137 (91.33%)
60112,"2,520 (57.85%)","2,385 (54.75%)"
60113,250 (73.75%),232 (68.44%)
60115,"21,946 (48.42%)","20,640 (45.54%)"
60118,"10,823 (68.34%)","10,292 (64.99%)"
60119,"6,934 (67.68%)","6,610 (64.51%)"
60120,"31,795 (62.44%)","29,453 (57.84%)"
60123,"30,725 (62.77%)","28,500 (58.22%)"
60124,"16,294 (72.94%)","15,507 (69.42%)"
60126,"33,446 (69.09%)","31,998 (66.1%)"
60129,110 (42.31%),106 (40.77%)
60130,"9,537 (67.92%)","9,037 (64.36%)"
60131,"11,840 (65.69%)","11,044 (61.27%)"
60133,"25,263 (65.79%)","23,606 (61.47%)"
60134,"21,638 (73.6%)","20,684 (70.35%)"
60135,"4,053 (58.69%)","3,859 (55.88%)"
60136,"5,121 (66.15%)","4,894 (63.21%)"
60137,"27,323 (71.38%)","26,111 (68.21%)"
60139,"22,026 (64.1%)","20,660 (60.12%)"
60140,"12,315 (69.82%)","11,572 (65.6%)"
60141,399 (100%),357 (100%)
60142,"20,636 (73.38%)","19,622 (69.78%)"
60143,"7,110 (64.66%)","6,747 (61.36%)"
60144,98 (100%),97 (100%)
60145,"1,163 (43.51%)","1,104 (41.3%)"
60146,"1,152 (43.39%)","1,090 (41.05%)"
60148,"35,939 (67.86%)","34,328 (64.82%)"
60150,864 (51.06%),808 (47.75%)
60151,"2,266 (56.31%)","2,164 (53.78%)"
60152,"6,599 (53.45%)","6,216 (50.35%)"
60153,"12,978 (54.51%)","11,740 (49.31%)"
60154,"12,241 (73.86%)","11,661 (70.36%)"
60155,"4,934 (63.02%)","4,603 (58.79%)"
60156,"17,735 (61.4%)","16,831 (58.27%)"
60157,"1,438 (57.47%)","1,378 (55.08%)"
60160,"15,810 (62.21%)","14,528 (57.17%)"
60162,"5,393 (66.05%)","5,080 (62.22%)"
60163,"3,633 (70.39%)","3,466 (67.16%)"
60164,"15,063 (69.74%)","14,076 (65.17%)"
60165,"2,816 (57.2%)","2,613 (53.08%)"
60169,"23,050 (68.46%)","21,791 (64.73%)"
60171,"5,718 (56.35%)","5,368 (52.9%)"
60172,"15,645 (63.72%)","14,999 (61.09%)"
60173,"9,632 (79.2%)","9,018 (74.15%)"
60174,"21,174 (67.42%)","20,107 (64.02%)"
60175,"16,680 (64.82%)","15,888 (61.74%)"
60176,"6,657 (56.88%)","6,110 (52.2%)"
60177,"15,662 (67.77%)","14,896 (64.46%)"
60178,"13,864 (61.86%)","13,217 (58.97%)"
60180,825 (39.72%),803 (38.66%)
60181,"19,505 (67.72%)","18,508 (64.26%)"
60184,"1,579 (66.99%)","1,485 (63%)"
60185,"23,305 (64.5%)","21,775 (60.27%)"
60187,"19,612 (66.02%)","18,621 (62.68%)"
60188,"29,343 (68.88%)","27,818 (65.3%)"
60189,"21,863 (71.85%)","20,987 (68.97%)"
60190,"8,105 (72.74%)","7,764 (69.68%)"
60191,"9,030 (63.83%)","8,542 (60.38%)"
60192,"12,327 (78.77%)","11,827 (75.57%)"
60193,"27,835 (69.16%)","26,649 (66.21%)"
60194,"14,347 (75.73%)","13,606 (71.81%)"
60195,"3,416 (61.35%)","3,226 (57.94%)"
60201,"32,685 (77.28%)","29,849 (70.57%)"
60202,"25,259 (76.87%)","23,562 (71.7%)"
60203,"3,612 (86.25%)","3,372 (80.52%)"
60301,"2,242 (88.41%)","2,096 (82.65%)"
60302,"25,137 (78.44%)","23,668 (73.85%)"
60304,"13,197 (74.81%)","12,512 (70.93%)"
60305,"8,432 (76.21%)","7,968 (72.02%)"
60401,"4,014 (51.6%)","3,593 (46.19%)"
60402,"40,711 (64.06%)","37,861 (59.57%)"
60403,"10,585 (57.99%)","9,763 (53.48%)"
60404,"12,802 (68.11%)","11,925 (63.44%)"
60406,"13,815 (54.7%)","12,577 (49.8%)"
60407,630 (37.15%),567 (33.43%)
60408,"2,698 (47.76%)","2,449 (43.35%)"
60409,"16,856 (45.61%)","15,178 (41.07%)"
60410,"7,851 (61.38%)","7,296 (57.04%)"
60411,"26,231 (45.38%)","23,772 (41.13%)"
60415,"7,304 (51.24%)","6,824 (47.87%)"
60416,"4,665 (50.91%)","4,298 (46.9%)"
60417,"8,346 (54.82%)","7,626 (50.09%)"
60419,"10,615 (46.88%)","9,529 (42.08%)"
60420,"2,599 (54.01%)","2,425 (50.39%)"
60421,"1,992 (51.83%)","1,823 (47.44%)"
60422,"7,026 (71.93%)","6,572 (67.28%)"
60423,"20,882 (67.5%)","19,722 (63.75%)"
60424,"1,037 (42.07%)",959 (38.9%)
60425,"5,026 (56.4%)","4,630 (51.95%)"
60426,"12,015 (41.54%)","10,563 (36.52%)"
60428,"5,558 (45.29%)","4,967 (40.48%)"
60429,"7,911 (51.41%)","7,258 (47.17%)"
60430,"13,303 (65.77%)","12,521 (61.9%)"
60431,"16,672 (71.8%)","15,306 (65.92%)"
60432,"11,900 (58.85%)","10,080 (49.85%)"
60433,"9,042 (54.37%)","7,710 (46.36%)"
60435,"28,913 (57.98%)","25,776 (51.69%)"
60436,"10,089 (53.25%)","8,904 (47%)"
60437,85 (46.45%),80 (43.72%)
60438,"14,320 (49.45%)","13,019 (44.96%)"
60439,"14,882 (63.54%)","14,163 (60.47%)"
60440,"34,501 (66.04%)","32,138 (61.51%)"
60441,"19,737 (55.73%)","18,515 (52.28%)"
60442,"6,123 (58.14%)","5,756 (54.66%)"
60443,"12,424 (57.64%)","11,519 (53.44%)"
60444,779 (45.26%),719 (41.78%)
60445,"8,486 (32.73%)","7,954 (30.67%)"
60446,"25,683 (64.07%)","23,787 (59.34%)"
60447,"8,443 (59.37%)","7,888 (55.47%)"
60448,"15,540 (58.18%)","14,672 (54.93%)"
60449,"4,930 (52.45%)","4,532 (48.21%)"
60450,"11,558 (56.49%)","10,579 (51.71%)"
60451,"21,975 (62.88%)","20,745 (59.36%)"
60452,"16,722 (59.04%)","15,921 (56.21%)"
60453,"35,711 (63.29%)","33,664 (59.67%)"
60455,"9,038 (54.85%)","8,333 (50.57%)"
60456,"2,689 (62.42%)","2,520 (58.5%)"
60457,"7,771 (55.44%)","7,280 (51.93%)"
60458,"6,466 (42.29%)","5,978 (39.1%)"
60459,"16,889 (58.42%)","15,874 (54.91%)"
60460,677 (50.79%),624 (46.81%)
60461,"3,526 (71.71%)","3,279 (66.69%)"
60462,"26,408 (65.52%)","25,157 (62.42%)"
60463,"9,836 (65.9%)","9,319 (62.43%)"
60464,"6,706 (69.03%)","6,376 (65.63%)"
60465,"9,865 (56.46%)","9,307 (53.27%)"
60466,"11,613 (52.81%)","10,603 (48.22%)"
60467,"18,328 (68.83%)","17,410 (65.38%)"
60468,"2,973 (49.19%)","2,739 (45.32%)"
60469,"3,254 (56.3%)","3,000 (51.9%)"
60470,288 (57.95%),268 (53.92%)
60471,"6,836 (48.64%)","6,219 (44.25%)"
60472,"2,296 (47.15%)","2,056 (42.22%)"
60473,"12,599 (56.75%)","11,601 (52.25%)"
60474,360 (36.51%),318 (32.25%)
60475,"4,352 (44.99%)","4,003 (41.38%)"
60476,"1,274 (51.1%)","1,194 (47.89%)"
60477,"23,767 (62.68%)","22,703 (59.87%)"
60478,"9,093 (53.14%)","8,403 (49.11%)"
60479,356 (38.12%),330 (35.33%)
60480,"3,294 (61.34%)","3,150 (58.66%)"
60481,"5,862 (50.8%)","5,356 (46.41%)"
60482,"5,826 (53.37%)","5,446 (49.89%)"
60484,"2,973 (45.18%)","2,643 (40.17%)"
60487,"18,044 (67.87%)","17,203 (64.7%)"
60490,"15,932 (71.76%)","15,079 (67.92%)"
60491,"14,048 (61.18%)","13,276 (57.82%)"
60501,"6,938 (58.53%)","6,481 (54.67%)"
60502,"16,456 (72.74%)","15,634 (69.11%)"
60503,"11,405 (67.19%)","10,823 (63.77%)"
60504,"25,776 (67.81%)","24,213 (63.7%)"
60505,"34,425 (44.6%)","31,265 (40.5%)"
60506,"33,134 (61.11%)","30,655 (56.54%)"
60510,"20,268 (68.63%)","19,318 (65.41%)"
60511,934 (48.34%),874 (45.24%)
60512,694 (58.61%),638 (53.89%)
60513,"13,187 (69.85%)","12,568 (66.57%)"
60514,"7,229 (71.51%)","6,927 (68.52%)"
60515,"21,062 (73.73%)","20,199 (70.71%)"
60516,"20,355 (69.55%)","19,529 (66.72%)"
60517,"22,752 (70.38%)","21,662 (67.01%)"
60518,"1,580 (44.59%)","1,504 (42.45%)"
60519,47 (74.6%),44 (69.84%)
60520,"1,494 (53.17%)","1,403 (49.93%)"
60521,"13,271 (72.12%)","12,470 (67.76%)"
60523,"8,213 (81.03%)","7,635 (75.33%)"
60525,"22,646 (74.06%)","21,601 (70.65%)"
60526,"9,979 (73.67%)","9,566 (70.62%)"
60527,"19,790 (70.92%)","18,656 (66.86%)"
60530,326 (67.36%),311 (64.26%)
60531,814 (46.28%),778 (44.23%)
60532,"19,508 (69.23%)","18,656 (66.21%)"
60534,"6,191 (58.72%)","5,768 (54.7%)"
60536,119 (100%),113 (97.41%)
60537,249 (38.49%),232 (35.86%)
60538,"17,361 (61.02%)","16,191 (56.91%)"
60539,157 (57.51%),140 (51.28%)
60540,"32,461 (71.96%)","31,109 (68.96%)"
60541,"1,428 (39.02%)","1,315 (35.93%)"
60542,"12,580 (69.41%)","11,915 (65.74%)"
60543,"26,041 (65.06%)","24,372 (60.89%)"
60544,"18,518 (69.88%)","17,385 (65.61%)"
60545,"7,637 (57.6%)","6,988 (52.7%)"
60546,"11,629 (74.14%)","10,987 (70.05%)"
60548,"6,556 (52.98%)","6,175 (49.9%)"
60549,347 (100%),335 (100%)
60550,699 (48.07%),668 (45.94%)
60551,"2,360 (42.91%)","2,213 (40.24%)"
60552,"2,238 (50.85%)","2,104 (47.81%)"
60553,351 (50.07%),336 (47.93%)
60554,"8,003 (65.78%)","7,568 (62.21%)"
60555,"9,590 (71.31%)","9,075 (67.48%)"
60556,"1,033 (50.91%)",974 (48%)
60557,27 (17.2%),26 (16.56%)
60558,"10,140 (76.66%)","9,776 (73.91%)"
60559,"16,189 (66%)","15,416 (62.85%)"
60560,"15,994 (64.27%)","14,834 (59.61%)"
60561,"16,594 (71.64%)","15,883 (68.57%)"
60563,"27,176 (72.65%)","25,982 (69.45%)"
60564,"35,594 (83.72%)","33,644 (79.14%)"
60565,"30,785 (75.5%)","29,610 (72.62%)"
60585,"16,973 (69.65%)","15,975 (65.56%)"
60586,"29,139 (61.1%)","27,085 (56.79%)"
60601,"13,313 (90.72%)","11,289 (76.93%)"
60602,"1,589 (100%)","1,176 (94.53%)"
60603,"1,956 (100%)","1,325 (100%)"
60604,945 (100%),781 (99.87%)
60605,"22,287 (80.99%)","20,425 (74.22%)"
60606,"3,520 (100%)","3,117 (100%)"
60607,"21,578 (72.92%)","20,086 (67.88%)"
60608,"52,109 (65.79%)","48,678 (61.46%)"
60609,"36,973 (60.12%)","33,856 (55.05%)"
60610,"29,008 (74.34%)","26,646 (68.29%)"
60611,"29,051 (89.59%)","25,226 (77.8%)"
60612,"19,434 (56.64%)","17,539 (51.12%)"
60613,"38,267 (76.36%)","36,086 (72.01%)"
60614,"48,428 (67.91%)","45,252 (63.46%)"
60615,"27,307 (65.7%)","25,093 (60.37%)"
60616,"36,677 (67.34%)","34,049 (62.52%)"
60617,"42,829 (51.89%)","38,565 (46.73%)"
60618,"63,603 (67.38%)","60,052 (63.62%)"
60619,"31,286 (51.07%)","28,096 (45.87%)"
60620,"33,146 (48.68%)","29,617 (43.49%)"
60621,"12,524 (43.12%)","10,901 (37.54%)"
60622,"38,341 (72.63%)","35,999 (68.19%)"
60623,"50,852 (59.14%)","46,269 (53.81%)"
60624,"17,477 (48.34%)","15,254 (42.19%)"
60625,"54,881 (69.26%)","51,622 (65.14%)"
60626,"33,843 (68.05%)","31,489 (63.32%)"
60628,"32,142 (48.17%)","28,385 (42.54%)"
60629,"73,563 (65.77%)","68,401 (61.15%)"
60630,"36,680 (63.96%)","34,756 (60.61%)"
60631,"19,922 (67.47%)","19,004 (64.36%)"
60632,"60,247 (66.18%)","56,417 (61.97%)"
60633,"6,668 (51.81%)","6,066 (47.13%)"
60634,"47,961 (63.11%)","44,925 (59.12%)"
60636,"16,228 (50.39%)","14,226 (44.18%)"
60637,"24,301 (51.21%)","21,570 (45.45%)"
60638,"34,793 (59.17%)","32,701 (55.62%)"
60639,"60,527 (66.87%)","54,977 (60.74%)"
60640,"50,435 (72.34%)","46,980 (67.39%)"
60641,"47,496 (66.87%)","44,247 (62.3%)"
60642,"14,585 (72.2%)","13,624 (67.44%)"
60643,"29,592 (59.34%)","27,213 (54.57%)"
60644,"22,282 (46.7%)","19,657 (41.2%)"
60645,"32,323 (67.72%)","29,866 (62.57%)"
60646,"19,382 (69.25%)","18,406 (65.77%)"
60647,"60,667 (69.33%)","56,645 (64.73%)"
60649,"21,309 (46.3%)","19,023 (41.33%)"
60651,"36,577 (57.86%)","32,942 (52.11%)"
60652,"27,038 (61.58%)","25,141 (57.26%)"
60653,"16,925 (52.94%)","15,231 (47.64%)"
60654,"17,248 (90.14%)","15,388 (80.42%)"
60655,"17,224 (59.8%)","16,331 (56.7%)"
60656,"16,879 (61.2%)","15,945 (57.82%)"
60657,"51,972 (74.19%)","49,111 (70.11%)"
60659,"27,798 (67.69%)","25,819 (62.87%)"
60660,"30,450 (70.42%)","28,487 (65.88%)"
60661,"8,771 (88.36%)","8,185 (82.46%)"
60706,"14,101 (60.52%)","13,353 (57.31%)"
60707,"27,488 (63.9%)","25,614 (59.54%)"
60712,"9,931 (79.2%)","9,252 (73.79%)"
60714,"21,076 (70.86%)","19,936 (67.03%)"
60803,"12,864 (57.45%)","12,019 (53.68%)"
60804,"53,317 (64.12%)","47,903 (57.61%)"
60805,"13,118 (66.7%)","12,367 (62.89%)"
60827,"10,491 (36.71%)","9,308 (32.57%)"
60901,"15,868 (44.69%)","14,682 (41.35%)"
60910,209 (31.15%),196 (29.21%)
60911,489 (37.39%),471 (36.01%)
60912,190 (36.47%),178 (34.17%)
60913,698 (49.54%),667 (47.34%)
60914,"14,533 (48.49%)","13,647 (45.54%)"
60915,"4,842 (47.84%)","4,501 (44.47%)"
60917,236 (44.61%),226 (42.72%)
60918,371 (47.75%),344 (44.27%)
60919,206 (42.83%),199 (41.37%)
60920,77 (38.69%),71 (35.68%)
60921,579 (38.17%),543 (35.79%)
60922,894 (37.42%),851 (35.62%)
60924,789 (53.13%),760 (51.18%)
60926,22 (62.86%),20 (57.14%)
60927,876 (41.6%),829 (39.36%)
60928,327 (42.19%),316 (40.77%)
60929,336 (41.84%),321 (39.98%)
60930,414 (44.76%),386 (41.73%)
60931,225 (41.9%),214 (39.85%)
60932,36 (39.13%),35 (38.04%)
60933,138 (44.23%),135 (43.27%)
60934,113 (43.63%),106 (40.93%)
60935,487 (40.25%),464 (38.35%)
60936,"2,385 (58.13%)","2,254 (54.94%)"
60938,"1,053 (53.75%)",990 (50.54%)
60940,"1,379 (40.17%)","1,290 (37.58%)"
60941,980 (44.95%),938 (43.03%)
60942,"2,434 (41.46%)","2,307 (39.29%)"
60945,45 (25.71%),41 (23.43%)
60946,156 (35.06%),143 (32.13%)
60948,869 (58.09%),822 (54.95%)
60949,231 (43.18%),211 (39.44%)
60950,"6,258 (53.02%)","5,907 (50.05%)"
60951,337 (40.85%),321 (38.91%)
60952,250 (36.44%),231 (33.67%)
60953,960 (39.2%),923 (37.69%)
60954,"2,706 (46.29%)","2,530 (43.28%)"
60955,994 (61.59%),936 (57.99%)
60957,"2,891 (54.67%)","2,597 (49.11%)"
60958,653 (36.6%),603 (33.8%)
60959,444 (41.89%),411 (38.77%)
60960,390 (35.71%),374 (34.25%)
60961,343 (47.31%),328 (45.24%)
60962,220 (34.11%),208 (32.25%)
60963,689 (36.36%),657 (34.67%)
60964,"2,333 (46.02%)","2,183 (43.06%)"
60966,518 (31.86%),486 (29.89%)
60968,193 (57.61%),175 (52.24%)
60969,31 (53.45%),27 (46.55%)
60970,"3,110 (44.76%)","2,946 (42.4%)"
60973,138 (33.58%),135 (32.85%)
60974,92 (31.29%),90 (30.61%)
61001,529 (50.77%),499 (47.89%)
61006,745 (39.11%),706 (37.06%)
61007,242 (47.73%),230 (45.36%)
61008,"19,384 (56.53%)","18,120 (52.84%)"
61010,"4,160 (53.3%)","3,950 (50.61%)"
61011,"1,794 (77.13%)","1,704 (73.26%)"
61012,"1,027 (42.23%)",953 (39.19%)
61013,316 (62.7%),304 (60.32%)
61014,486 (37.7%),467 (36.23%)
61015,437 (39.48%),426 (38.48%)
61016,"2,993 (60.32%)","2,807 (56.57%)"
61018,469 (46.81%),446 (44.51%)
61019,"1,859 (57.31%)","1,783 (54.96%)"
61020,"1,525 (48.71%)","1,424 (45.48%)"
61021,"13,064 (56.72%)","12,452 (54.07%)"
61024,"1,215 (47.95%)","1,143 (45.11%)"
61025,780 (16.79%),757 (16.3%)
61027,23 (29.87%),23 (29.87%)
61028,987 (48.12%),963 (46.95%)
61030,967 (42.01%),919 (39.92%)
61031,716 (46.46%),683 (44.32%)
61032,"14,721 (49.24%)","13,945 (46.65%)"
61036,"4,260 (64.35%)","4,028 (60.85%)"
61037,59 (100%),58 (100%)
61038,591 (51.44%),553 (48.13%)
61039,356 (35.18%),347 (34.29%)
61041,570 (59.44%),534 (55.68%)
61042,227 (37.52%),215 (35.54%)
61043,57 (75%),56 (73.68%)
61044,90 (32.49%),88 (31.77%)
61046,"1,443 (58.87%)","1,390 (56.71%)"
61047,792 (43.07%),750 (40.78%)
61048,"1,933 (49.87%)","1,855 (47.86%)"
61049,259 (46.25%),243 (43.39%)
61050,120 (26.97%),115 (25.84%)
61051,745 (44.14%),723 (42.83%)
61052,507 (61.75%),481 (58.59%)
61053,"1,217 (46.59%)","1,152 (44.1%)"
61054,"1,894 (51.55%)","1,792 (48.78%)"
61057,37 (33.33%),38 (34.23%)
61059,47 (22.17%),46 (21.7%)
61060,606 (42.53%),581 (40.77%)
61061,"3,859 (60.47%)","3,672 (57.54%)"
61062,817 (45.31%),779 (43.21%)
61063,"1,982 (46.53%)","1,871 (43.92%)"
61064,"1,840 (50.55%)","1,766 (48.52%)"
61065,"5,934 (57.28%)","5,544 (53.51%)"
61067,326 (43.35%),317 (42.15%)
61068,"7,805 (54.62%)","7,167 (50.16%)"
61070,455 (30.27%),434 (28.88%)
61071,"7,284 (52.04%)","6,954 (49.68%)"
61072,"6,363 (55.02%)","6,036 (52.19%)"
61073,"11,539 (60.21%)","10,896 (56.85%)"
61074,"1,558 (37.2%)","1,499 (35.79%)"
61075,454 (45.77%),422 (42.54%)
61077,46 (100%),43 (100%)
61078,575 (45.89%),555 (44.29%)
61079,58 (34.12%),54 (31.76%)
61080,"4,781 (45.8%)","4,458 (42.7%)"
61081,"12,374 (58.56%)","11,787 (55.79%)"
61084,"1,631 (52.87%)","1,548 (50.18%)"
61085,"1,260 (34.72%)","1,219 (33.59%)"
61087,641 (42.93%),613 (41.06%)
61088,"3,368 (55.65%)","3,187 (52.66%)"
61089,262 (35.99%),257 (35.3%)
61091,30 (66.67%),28 (62.22%)
61101,"8,747 (44.75%)","7,968 (40.77%)"
61102,"8,102 (45.62%)","7,315 (41.19%)"
61103,"11,722 (48.92%)","10,752 (44.87%)"
61104,"6,993 (35.95%)","6,124 (31.48%)"
61107,"18,705 (60.52%)","17,514 (56.67%)"
61108,"16,550 (59.49%)","15,346 (55.16%)"
61109,"13,584 (49.9%)","12,396 (45.53%)"
61111,"13,112 (55.01%)","12,319 (51.68%)"
61112,53 (80.3%),50 (75.76%)
61114,"10,220 (65.55%)","9,648 (61.88%)"
61115,"11,602 (51.4%)","10,911 (48.33%)"
61201,"17,971 (46.82%)","16,107 (41.96%)"
61230,294 (26.23%),267 (23.82%)
61231,"2,809 (53.88%)","2,659 (51.01%)"
61232,698 (56.79%),642 (52.24%)
61234,722 (56.99%),687 (54.22%)
61235,725 (47.73%),698 (45.95%)
61236,33 (26.83%),25 (20.33%)
61238,"1,420 (40.18%)","1,333 (37.72%)"
61239,445 (35.92%),383 (30.91%)
61240,"3,290 (53.6%)","2,985 (48.63%)"
61241,"3,255 (47.68%)","2,985 (43.72%)"
61242,468 (38.74%),412 (34.11%)
61243,105 (42.34%),100 (40.32%)
61244,"12,302 (51.95%)","10,831 (45.74%)"
61250,"1,091 (43.61%)","1,025 (40.97%)"
61251,149 (44.21%),138 (40.95%)
61252,"1,129 (21.14%)","1,066 (19.96%)"
61254,"6,751 (61.35%)","6,321 (57.44%)"
61256,969 (49.39%),863 (43.99%)
61257,510 (42.57%),438 (36.56%)
61258,82 (34.75%),76 (32.2%)
61259,380 (29.62%),342 (26.66%)
61260,290 (27.31%),277 (26.08%)
61261,387 (41.43%),365 (39.08%)
61262,386 (34.37%),362 (32.24%)
61263,302 (40.65%),272 (36.61%)
61264,"5,500 (51.78%)","4,969 (46.78%)"
61265,"23,535 (53.85%)","20,382 (46.63%)"
61270,"3,340 (47.67%)","3,187 (45.48%)"
61272,496 (41.4%),469 (39.15%)
61273,"1,724 (53.16%)","1,602 (49.4%)"
61274,152 (75.62%),139 (69.15%)
61275,"2,083 (43.85%)","1,864 (39.24%)"
61276,74 (67.27%),67 (60.91%)
61277,"1,619 (49.89%)","1,537 (47.37%)"
61278,273 (56.99%),245 (51.15%)
61279,457 (52.53%),417 (47.93%)
61281,"1,376 (57.48%)","1,273 (53.17%)"
61282,"4,448 (56.88%)","3,988 (51%)"
61283,566 (32.49%),536 (30.77%)
61284,"1,212 (57.44%)","1,122 (53.18%)"
61285,447 (27.47%),416 (25.57%)
61301,"5,740 (56.9%)","5,344 (52.97%)"
61310,"1,938 (51.71%)","1,838 (49.04%)"
61311,107 (52.45%),98 (48.04%)
61312,256 (50.1%),241 (47.16%)
61313,113 (54.07%),108 (51.67%)
61314,349 (39.44%),325 (36.72%)
61315,131 (61.5%),123 (57.75%)
61316,138 (46.15%),131 (43.81%)
61317,229 (47.81%),210 (43.84%)
61318,309 (36.57%),295 (34.91%)
61319,470 (32.78%),452 (31.52%)
61320,384 (53.04%),359 (49.59%)
61321,132 (53.23%),128 (51.61%)
61322,822 (56.53%),724 (49.79%)
61323,53 (58.24%),50 (54.95%)
61324,55 (59.78%),55 (59.78%)
61325,513 (52.89%),492 (50.72%)
61326,"1,178 (51.28%)","1,120 (48.76%)"
61327,669 (50.45%),640 (48.27%)
61328,16 (64%),17 (68%)
61329,720 (60.76%),677 (57.13%)
61330,721 (50.17%),670 (46.62%)
61331,15 (83.33%),13 (72.22%)
61332,60 (77.92%),54 (70.13%)
61333,136 (42.11%),133 (41.18%)
61334,325 (44.4%),305 (41.67%)
61335,285 (64.63%),269 (61%)
61336,249 (43.76%),231 (40.6%)
61337,210 (53.44%),196 (49.87%)
61338,149 (57.98%),142 (55.25%)
61340,194 (79.18%),176 (71.84%)
61341,"4,058 (50.73%)","3,872 (48.41%)"
61342,"5,073 (57.89%)","4,726 (53.93%)"
61344,153 (40.69%),146 (38.83%)
61345,411 (49.22%),385 (46.11%)
61346,35 (52.24%),29 (43.28%)
61348,"2,783 (62.08%)","2,615 (58.33%)"
61349,461 (53.42%),424 (49.13%)
61350,"14,233 (59.71%)","13,453 (56.44%)"
61353,612 (50.96%),579 (48.21%)
61354,"6,758 (63.82%)","6,351 (59.98%)"
61356,"6,211 (58.16%)","5,759 (53.92%)"
61358,173 (55.45%),166 (53.21%)
61359,173 (51.18%),162 (47.93%)
61360,"1,548 (42.09%)","1,468 (39.91%)"
61361,629 (56.31%),583 (52.19%)
61362,"3,559 (63.72%)","3,304 (59.16%)"
61363,122 (45.86%),117 (43.98%)
61364,"8,966 (47.06%)","8,444 (44.32%)"
61367,426 (57.65%),404 (54.67%)
61368,644 (45.1%),585 (40.97%)
61369,867 (52.36%),823 (49.7%)
61370,763 (54.77%),721 (51.76%)
61372,120 (74.53%),117 (72.67%)
61373,"1,246 (58.39%)","1,178 (55.2%)"
61374,63 (53.39%),58 (49.15%)
61375,586 (50.65%),564 (48.75%)
61376,"1,043 (49.24%)",976 (46.08%)
61377,542 (38.14%),520 (36.59%)
61378,244 (73.27%),236 (70.87%)
61379,604 (40.59%),552 (37.1%)
61401,"18,218 (54.08%)","17,020 (50.53%)"
61410,"1,761 (45.25%)","1,646 (42.29%)"
61411,169 (38.06%),167 (37.61%)
61412,676 (46.08%),637 (43.42%)
61413,516 (56.95%),480 (52.98%)
61414,393 (41.94%),374 (39.91%)
61415,767 (40.6%),722 (38.22%)
61416,58 (19.73%),53 (18.03%)
61417,121 (42.31%),112 (39.16%)
61418,194 (35.79%),187 (34.5%)
61419,79 (69.3%),76 (66.67%)
61420,451 (40.23%),425 (37.91%)
61421,608 (46.77%),572 (44%)
61422,"1,487 (47%)","1,409 (44.53%)"
61423,337 (64.93%),324 (62.43%)
61424,35 (25.93%),34 (25.19%)
61425,89 (23.73%),80 (21.33%)
61426,17 (15.6%),16 (14.68%)
61427,"1,152 (52.55%)","1,104 (50.36%)"
61428,684 (66.93%),650 (63.6%)
61430,449 (66.32%),418 (61.74%)
61431,155 (52.36%),147 (49.66%)
61432,380 (57.75%),361 (54.86%)
61433,43 (40.19%),43 (40.19%)
61434,"1,736 (57.64%)","1,660 (55.11%)"
61435,90 (100%),86 (100%)
61436,431 (66.31%),409 (62.92%)
61437,177 (18.21%),162 (16.67%)
61438,372 (40.57%),366 (39.91%)
61439,130 (53.72%),123 (50.83%)
61440,344 (49.86%),339 (49.13%)
61441,393 (39.26%),386 (38.56%)
61442,273 (38.56%),252 (35.59%)
61443,"7,588 (55.54%)","7,215 (52.81%)"
61447,400 (39.02%),387 (37.76%)
61448,"2,135 (55.64%)","2,037 (53.09%)"
61449,215 (63.8%),208 (61.72%)
61450,527 (29.49%),494 (27.64%)
61451,165 (49.85%),159 (48.04%)
61452,121 (54.5%),113 (50.9%)
61453,285 (49.31%),271 (46.89%)
61454,120 (24%),109 (21.8%)
61455,"9,076 (43.85%)","8,512 (41.12%)"
61458,403 (60.24%),388 (58%)
61459,174 (45.19%),168 (43.64%)
61460,94 (29.19%),92 (28.57%)
61462,"5,476 (47.53%)","5,118 (44.42%)"
61465,499 (42.98%),459 (39.53%)
61466,153 (46.93%),143 (43.87%)
61467,575 (49.15%),540 (46.15%)
61468,53 (65.43%),48 (59.26%)
61469,686 (30.52%),629 (27.98%)
61470,245 (45.62%),226 (42.09%)
61471,31 (51.67%),30 (50%)
61472,339 (65.57%),329 (63.64%)
61473,755 (50.03%),725 (48.05%)
61474,135 (46.23%),128 (43.84%)
61475,103 (50.74%),100 (49.26%)
61476,195 (52%),185 (49.33%)
61477,303 (52.88%),292 (50.96%)
61478,97 (30.41%),92 (28.84%)
61479,68 (100%),66 (100%)
61480,357 (29.5%),335 (27.69%)
61482,289 (43.07%),281 (41.88%)
61483,941 (45.02%),894 (42.78%)
61484,351 (42.19%),334 (40.14%)
61485,303 (67.79%),281 (62.86%)
61486,747 (50.85%),696 (47.38%)
61488,594 (57.12%),570 (54.81%)
61489,485 (55.75%),456 (52.41%)
61490,511 (45.06%),491 (43.3%)
61491,945 (49.04%),906 (47.02%)
61501,687 (44.78%),655 (42.7%)
61516,306 (45.27%),295 (43.64%)
61517,"1,897 (57.94%)","1,826 (55.77%)"
61519,107 (46.52%),103 (44.78%)
61520,"9,784 (58.22%)","9,283 (55.24%)"
61523,"6,211 (55.5%)","5,982 (53.45%)"
61524,143 (37.53%),137 (35.96%)
61525,"7,445 (81.03%)","7,162 (77.95%)"
61526,631 (77.9%),607 (74.94%)
61528,"2,054 (65.69%)","1,988 (63.58%)"
61529,"1,612 (59.73%)","1,545 (57.24%)"
61530,"3,093 (42.69%)","2,998 (41.38%)"
61531,"1,801 (54%)","1,708 (51.21%)"
61532,217 (33.64%),205 (31.78%)
61533,"1,191 (47.47%)","1,138 (45.36%)"
61534,763 (42.25%),737 (40.81%)
61535,"1,042 (61.4%)","1,000 (58.93%)"
61536,"1,606 (55.04%)","1,545 (52.95%)"
61537,"1,624 (58.97%)","1,534 (55.7%)"
61539,70 (33.98%),68 (33.01%)
61540,"1,369 (49.42%)","1,313 (47.4%)"
61541,33 (36.26%),31 (34.07%)
61542,"1,747 (48.15%)","1,677 (46.22%)"
61543,54 (35.53%),52 (34.21%)
61544,382 (64.75%),363 (61.53%)
61545,310 (44.29%),293 (41.86%)
61546,"1,925 (51.1%)","1,842 (48.9%)"
61547,"2,166 (52.34%)","2,098 (50.7%)"
61548,"7,549 (63.17%)","7,295 (61.05%)"
61550,"11,306 (63.56%)","10,825 (60.86%)"
61552,104 (71.23%),95 (65.07%)
61553,113 (80.71%),109 (77.86%)
61554,"20,934 (49.77%)","19,971 (47.48%)"
61559,"1,771 (54.28%)","1,679 (51.46%)"
61560,405 (72.32%),371 (66.25%)
61561,"1,151 (46.62%)","1,101 (44.59%)"
61562,82 (100%),76 (100%)
61563,234 (45.09%),221 (42.58%)
61564,387 (40.23%),356 (37.01%)
61565,678 (46.82%),641 (44.27%)
61567,307 (56.85%),294 (54.44%)
61568,"2,179 (51.6%)","2,101 (49.75%)"
61569,634 (53.55%),609 (51.44%)
61570,775 (43.37%),737 (41.24%)
61571,"14,741 (59.03%)","14,199 (56.86%)"
61572,479 (40.22%),466 (39.13%)
61602,612 (69.78%),563 (64.2%)
61603,"6,588 (39.56%)","6,040 (36.27%)"
61604,"14,755 (48.25%)","13,928 (45.54%)"
61605,"5,158 (32.83%)","4,646 (29.57%)"
61606,"2,558 (32.5%)","2,373 (30.15%)"
61607,"6,028 (56.48%)","5,772 (54.08%)"
61610,"2,273 (41.38%)","2,167 (39.45%)"
61611,"13,417 (53.93%)","12,737 (51.2%)"
61614,"17,678 (63.11%)","16,878 (60.25%)"
61615,"15,796 (68.18%)","15,139 (65.34%)"
61616,"3,346 (56.62%)","3,138 (53.1%)"
61625,27 (7.3%),25 (6.76%)
61701,"20,129 (56.25%)","18,917 (52.87%)"
61704,"25,459 (68.43%)","24,311 (65.35%)"
61705,"9,330 (71.93%)","8,923 (68.79%)"
61720,125 (62.19%),119 (59.2%)
61721,269 (45.44%),255 (43.07%)
61722,257 (53.77%),244 (51.05%)
61723,"1,139 (43.89%)","1,100 (42.39%)"
61724,243 (49.19%),239 (48.38%)
61725,781 (45.86%),747 (43.86%)
61726,"1,109 (45.69%)","1,057 (43.55%)"
61727,"4,871 (49.57%)","4,644 (47.26%)"
61728,703 (53.62%),675 (51.49%)
61729,443 (36.89%),428 (35.64%)
61730,161 (53.49%),157 (52.16%)
61731,101 (52.06%),91 (46.91%)
61732,"1,131 (54.98%)","1,091 (53.04%)"
61733,535 (64.38%),510 (61.37%)
61734,"1,289 (46.62%)","1,234 (44.63%)"
61735,164 (36.12%),155 (34.14%)
61736,"1,288 (73.6%)","1,235 (70.57%)"
61737,267 (56.09%),261 (54.83%)
61738,"2,059 (46.85%)","1,966 (44.73%)"
61739,"2,244 (49.03%)","2,141 (46.78%)"
61740,732 (47.66%),694 (45.18%)
61741,667 (39.17%),621 (36.47%)
61742,604 (48.32%),579 (46.32%)
61743,103 (50.24%),96 (46.83%)
61744,940 (50.4%),902 (48.36%)
61745,"2,325 (50.39%)","2,243 (48.61%)"
61747,838 (56.66%),810 (54.77%)
61748,"1,755 (64.52%)","1,712 (62.94%)"
61749,224 (48.59%),217 (47.07%)
61750,48 (31.17%),47 (30.52%)
61751,53 (63.86%),54 (65.06%)
61752,"2,532 (57.69%)","2,437 (55.53%)"
61753,"1,648 (53.89%)","1,579 (51.64%)"
61754,616 (57.95%),585 (55.03%)
61755,"2,333 (49.24%)","2,230 (47.07%)"
61756,"1,055 (43.72%)",997 (41.32%)
61759,699 (45.72%),666 (43.56%)
61760,"1,211 (48.07%)","1,174 (46.61%)"
61761,"28,419 (51.46%)","27,124 (49.12%)"
61764,"7,020 (50.05%)","6,545 (46.66%)"
61769,268 (43.16%),251 (40.42%)
61770,482 (42.36%),462 (40.6%)
61771,362 (48.72%),348 (46.84%)
61772,189 (79.41%),183 (76.89%)
61773,213 (51.57%),209 (50.61%)
61774,419 (37.41%),395 (35.27%)
61775,105 (32.11%),95 (29.05%)
61776,864 (64.09%),831 (61.65%)
61777,405 (55.63%),381 (52.34%)
61778,258 (37.34%),240 (34.73%)
61801,"16,336 (52.43%)","15,220 (48.85%)"
61802,"12,312 (63.63%)","11,443 (59.14%)"
61810,137 (39.6%),130 (37.57%)
61811,238 (35.1%),223 (32.89%)
61812,159 (41.73%),147 (38.58%)
61813,960 (57.97%),883 (53.32%)
61814,464 (43.2%),442 (41.15%)
61815,164 (63.32%),157 (60.62%)
61816,239 (52.18%),224 (48.91%)
61817,"1,133 (45.03%)","1,078 (42.85%)"
61818,697 (40.71%),649 (37.91%)
61820,"21,858 (57.29%)","20,079 (52.62%)"
61821,"18,565 (60.71%)","17,376 (56.82%)"
61822,"17,835 (69.05%)","16,946 (65.61%)"
61830,231 (68.55%),216 (64.09%)
61831,55 (41.04%),51 (38.06%)
61832,"13,355 (38.25%)","12,288 (35.19%)"
61833,739 (33.61%),677 (30.79%)
61834,"4,186 (47.69%)","3,976 (45.3%)"
61839,288 (47.21%),275 (45.08%)
61840,441 (53.85%),426 (52.01%)
61841,627 (46.76%),601 (44.82%)
61842,"1,431 (52.48%)","1,368 (50.17%)"
61843,"1,284 (54.22%)","1,222 (51.6%)"
61844,491 (68.67%),468 (65.45%)
61845,186 (48.56%),180 (47%)
61846,"1,805 (36.7%)","1,693 (34.42%)"
61847,633 (51.09%),592 (47.78%)
61848,54 (23.48%),50 (21.74%)
61849,940 (47.02%),900 (45.02%)
61850,203 (48.56%),193 (46.17%)
61851,225 (76.27%),214 (72.54%)
61852,112 (50.68%),105 (47.51%)
61853,"9,316 (66.63%)","8,888 (63.57%)"
61854,766 (63.99%),735 (61.4%)
61855,37 (35.58%),31 (29.81%)
61856,"4,949 (62.77%)","4,600 (58.35%)"
61857,74 (37.95%),70 (35.9%)
61858,"1,396 (46.27%)","1,325 (43.92%)"
61859,695 (56.69%),652 (53.18%)
61862,237 (44.47%),224 (42.03%)
61863,506 (62.78%),483 (59.93%)
61864,"1,082 (62.94%)","1,049 (61.02%)"
61865,507 (32.5%),482 (30.9%)
61866,"6,910 (48.34%)","6,273 (43.88%)"
61870,407 (30.83%),379 (28.71%)
61871,172 (56.58%),166 (54.61%)
61872,380 (42.32%),365 (40.65%)
61873,"3,623 (55.58%)","3,466 (53.17%)"
61874,"6,110 (74.97%)","5,769 (70.79%)"
61875,428 (52.32%),406 (49.63%)
61876,276 (49.2%),269 (47.95%)
61877,885 (49.08%),837 (46.42%)
61878,703 (53.66%),676 (51.6%)
61880,"2,532 (66.09%)","2,429 (63.4%)"
61882,321 (46.25%),305 (43.95%)
61883,"1,692 (39.5%)","1,599 (37.32%)"
61884,692 (61.57%),659 (58.63%)
61910,"2,100 (49.7%)","1,940 (45.92%)"
61911,970 (19.13%),907 (17.89%)
61912,522 (42.54%),491 (40.02%)
61913,656 (44.84%),595 (40.67%)
61914,761 (41.52%),731 (39.88%)
61917,229 (29.7%),216 (28.02%)
61919,425 (45.12%),406 (43.1%)
61920,"9,910 (41.29%)","9,340 (38.92%)"
61924,873 (38.66%),814 (36.05%)
61925,419 (62.54%),387 (57.76%)
61928,240 (36.09%),219 (32.93%)
61929,317 (46.41%),303 (44.36%)
61930,197 (26.44%),183 (24.56%)
61931,413 (38.24%),389 (36.02%)
61932,200 (45.56%),190 (43.28%)
61933,376 (41.73%),344 (38.18%)
61936,84 (28.97%),80 (27.59%)
61937,749 (35.13%),718 (33.68%)
61938,"9,744 (44.62%)","9,188 (42.07%)"
61940,85 (35.71%),77 (32.35%)
61941,22 (27.85%),20 (25.32%)
61942,589 (56.36%),546 (52.25%)
61943,676 (40.72%),636 (38.31%)
61944,"5,384 (43.92%)","5,025 (40.99%)"
61949,57 (39.31%),52 (35.86%)
61951,"3,550 (44.62%)","3,399 (42.72%)"
61953,"3,298 (54.36%)","3,123 (51.48%)"
61955,72 (38.1%),67 (35.45%)
61956,"1,258 (46.44%)","1,154 (42.6%)"
61957,670 (35.04%),644 (33.68%)
62001,996 (55.46%),952 (53.01%)
62002,"15,777 (50.8%)","14,729 (47.42%)"
62006,320 (65.31%),307 (62.65%)
62009,828 (45.64%),767 (42.28%)
62010,"6,075 (53.49%)","5,755 (50.67%)"
62011,92 (53.49%),83 (48.26%)
62012,"3,197 (49.75%)","3,011 (46.86%)"
62013,210 (30.3%),202 (29.15%)
62014,"1,814 (43.91%)","1,693 (40.98%)"
62015,267 (42.05%),255 (40.16%)
62016,"1,714 (46.65%)","1,658 (45.13%)"
62017,484 (53.96%),450 (50.17%)
62018,"1,389 (45.78%)","1,288 (42.45%)"
62019,212 (53.94%),200 (50.89%)
62021,558 (60.65%),528 (57.39%)
62022,627 (59.15%),606 (57.17%)
62023,50 (42.74%),47 (40.17%)
62024,"4,799 (48.4%)","4,476 (45.14%)"
62025,"20,966 (61.1%)","19,884 (57.95%)"
62027,202 (40.89%),193 (39.07%)
62028,443 (34.64%),410 (32.06%)
62030,21 (14.09%),19 (12.75%)
62031,407 (54.34%),383 (51.13%)
62032,302 (41.26%),289 (39.48%)
62033,"2,471 (54.73%)","2,345 (51.94%)"
62034,"9,123 (66.75%)","8,566 (62.68%)"
62035,"9,833 (59.52%)","9,319 (56.41%)"
62036,278 (34.62%),272 (33.87%)
62037,909 (41.22%),871 (39.5%)
62040,"19,908 (46.9%)","18,403 (43.36%)"
62044,728 (34.77%),700 (33.43%)
62045,192 (44.76%),185 (43.12%)
62046,544 (70.74%),519 (67.49%)
62047,677 (46.92%),659 (45.67%)
62048,620 (33.9%),583 (31.88%)
62049,"4,182 (46.75%)","3,702 (41.38%)"
62050,131 (37.01%),123 (34.75%)
62051,394 (67.35%),369 (63.08%)
62052,"6,545 (53.25%)","6,267 (50.98%)"
62053,215 (34.35%),203 (32.43%)
62054,296 (37.9%),276 (35.34%)
62056,"4,495 (52.43%)","4,235 (49.39%)"
62058,326 (43.06%),307 (40.55%)
62059,185 (40.93%),156 (34.51%)
62060,"1,620 (35.32%)","1,454 (31.71%)"
62061,976 (58.41%),905 (54.16%)
62062,"5,388 (67.28%)","5,102 (63.71%)"
62063,516 (47.69%),492 (45.47%)
62065,31 (17.32%),30 (16.76%)
62067,"1,362 (49.44%)","1,311 (47.59%)"
62069,"1,638 (53.04%)","1,558 (50.45%)"
62070,18 (37.5%),18 (37.5%)
62074,488 (36.61%),454 (34.06%)
62075,"1,337 (36.51%)","1,267 (34.6%)"
62076,32 (28.57%),32 (28.57%)
62077,160 (66.67%),155 (64.58%)
62078,19 (24.36%),19 (24.36%)
62079,142 (58.2%),139 (56.97%)
62080,748 (30.74%),674 (27.7%)
62081,108 (30.51%),107 (30.23%)
62082,997 (36.31%),953 (34.71%)
62083,70 (29.54%),66 (27.85%)
62084,772 (52.73%),722 (49.32%)
62085,75 (39.06%),71 (36.98%)
62086,568 (44.97%),514 (40.7%)
62087,737 (33.93%),683 (31.45%)
62088,"3,683 (56.07%)","3,505 (53.36%)"
62089,224 (44.71%),214 (42.71%)
62090,384 (29.7%),353 (27.3%)
62091,188 (49.47%),175 (46.05%)
62092,"1,126 (38.4%)","1,051 (35.85%)"
62093,219 (45.91%),204 (42.77%)
62094,449 (39.11%),423 (36.85%)
62095,"5,501 (52.62%)","5,141 (49.17%)"
62097,"1,515 (49.45%)","1,429 (46.64%)"
62098,25 (100%),24 (100%)
62201,"2,323 (30.69%)","2,016 (26.63%)"
62203,"3,124 (37.8%)","2,783 (33.68%)"
62204,"1,865 (23.45%)","1,647 (20.71%)"
62205,"3,411 (42.6%)","3,076 (38.42%)"
62206,"4,844 (32.03%)","4,276 (28.28%)"
62207,"2,533 (28.42%)","2,240 (25.13%)"
62208,"9,942 (60.2%)","9,255 (56.04%)"
62214,658 (52.98%),637 (51.29%)
62215,"1,032 (54.12%)",960 (50.34%)
62216,"1,675 (61.09%)","1,587 (57.88%)"
62217,340 (45.45%),323 (43.18%)
62218,853 (46.87%),812 (44.62%)
62219,426 (44.65%),403 (42.24%)
62220,"10,737 (58.67%)","9,977 (54.51%)"
62221,"16,612 (55.47%)","15,516 (51.81%)"
62223,"9,944 (60.97%)","9,272 (56.85%)"
62225,"1,863 (36.33%)","1,690 (32.96%)"
62226,"17,305 (60.37%)","16,161 (56.38%)"
62230,"3,803 (60.57%)","3,622 (57.68%)"
62231,"3,530 (47.47%)","3,361 (45.2%)"
62232,"4,071 (60.72%)","3,768 (56.2%)"
62233,"3,315 (34.25%)","3,109 (32.12%)"
62234,"17,934 (55.31%)","16,677 (51.43%)"
62236,"7,772 (56.49%)","7,301 (53.07%)"
62237,"1,228 (50.43%)","1,154 (47.39%)"
62238,222 (35.86%),197 (31.83%)
62239,"1,882 (39.92%)","1,766 (37.45%)"
62240,659 (38.16%),624 (36.13%)
62241,469 (47.42%),448 (45.3%)
62242,594 (41.11%),563 (38.96%)
62243,"3,534 (60.98%)","3,337 (57.58%)"
62244,524 (58.42%),497 (55.41%)
62245,"1,023 (60.46%)",966 (57.09%)
62246,"4,420 (44.57%)","4,196 (42.32%)"
62248,223 (57.03%),212 (54.22%)
62249,"9,317 (60.08%)","8,810 (56.81%)"
62250,251 (54.45%),234 (50.76%)
62253,273 (46.83%),260 (44.6%)
62254,"3,333 (52.97%)","3,123 (49.63%)"
62255,472 (36.9%),436 (34.09%)
62257,"1,382 (51.61%)","1,293 (48.28%)"
62258,"5,946 (64.26%)","5,602 (60.54%)"
62260,"4,397 (59.38%)","4,156 (56.12%)"
62261,45 (70.31%),43 (67.19%)
62262,674 (44.84%),642 (42.71%)
62263,"2,878 (57.17%)","2,745 (54.53%)"
62264,"1,681 (44.89%)","1,577 (42.11%)"
62265,"2,425 (55.23%)","2,281 (51.95%)"
62266,70 (80.46%),63 (72.41%)
62268,395 (55.48%),375 (52.67%)
62269,"21,878 (68.31%)","20,572 (64.23%)"
62271,"1,182 (54.9%)","1,137 (52.81%)"
62272,659 (37.85%),614 (35.27%)
62273,138 (46.94%),130 (44.22%)
62274,"4,028 (51.27%)","3,571 (45.45%)"
62275,"1,627 (43.91%)","1,540 (41.57%)"
62277,494 (36.24%),469 (34.41%)
62278,"3,350 (51.2%)","3,199 (48.89%)"
62279,17 (100%),15 (100%)
62280,192 (43.15%),181 (40.67%)
62281,"1,622 (59.81%)","1,520 (56.05%)"
62282,346 (85.22%),335 (82.51%)
62284,244 (44.44%),231 (42.08%)
62285,"2,898 (65.33%)","2,760 (62.22%)"
62286,"2,833 (46.37%)","2,656 (43.47%)"
62288,"1,446 (46.74%)","1,362 (44.02%)"
62289,191 (54.42%),182 (51.85%)
62292,331 (37.4%),306 (34.58%)
62293,"2,685 (60.65%)","2,558 (57.78%)"
62294,"9,084 (64.35%)","8,584 (60.81%)"
62295,789 (51%),737 (47.64%)
62297,144 (57.37%),134 (53.39%)
62298,"10,247 (61.7%)","9,723 (58.54%)"
62301,"15,975 (49.8%)","15,099 (47.07%)"
62305,"10,649 (55.01%)","10,149 (52.43%)"
62311,313 (49.45%),297 (46.92%)
62312,791 (40.92%),758 (39.21%)
62313,136 (35.98%),131 (34.66%)
62314,181 (34.54%),164 (31.3%)
62316,229 (42.02%),220 (40.37%)
62319,98 (37.55%),94 (36.02%)
62320,798 (34.34%),765 (32.92%)
62321,"1,738 (45.2%)","1,649 (42.89%)"
62323,124 (46.27%),116 (43.28%)
62324,465 (43.22%),445 (41.36%)
62325,145 (31.12%),138 (29.61%)
62326,"1,039 (44.46%)","1,004 (42.96%)"
62330,453 (25.95%),432 (24.74%)
62334,47 (34.06%),42 (30.43%)
62336,21 (100%),21 (100%)
62338,718 (54.56%),689 (52.36%)
62339,350 (40.05%),336 (38.44%)
62340,702 (37.06%),669 (35.32%)
62341,"1,287 (37.26%)","1,199 (34.71%)"
62343,213 (22.47%),195 (20.57%)
62344,73 (100%),70 (100%)
62345,105 (26.85%),101 (25.83%)
62346,78 (41.27%),75 (39.68%)
62347,947 (48.42%),907 (46.37%)
62348,10 (6.02%),*
62349,266 (42.49%),256 (40.89%)
62351,814 (43.32%),768 (40.87%)
62352,56 (24.14%),55 (23.71%)
62353,"2,660 (49.76%)","2,577 (48.2%)"
62354,570 (35.8%),536 (33.67%)
62355,220 (29.18%),204 (27.06%)
62356,211 (45.38%),200 (43.01%)
62357,84 (17.68%),80 (16.84%)
62358,157 (17.76%),149 (16.86%)
62359,64 (30.62%),61 (29.19%)
62360,665 (34.67%),631 (32.9%)
62361,154 (29.5%),146 (27.97%)
62362,129 (43.43%),123 (41.41%)
62363,"2,481 (43.09%)","2,339 (40.62%)"
62365,222 (35.81%),211 (34.03%)
62366,458 (28.82%),444 (27.94%)
62367,420 (40.66%),409 (39.59%)
62370,139 (59.4%),133 (56.84%)
62373,127 (43.2%),120 (40.82%)
62374,160 (46.38%),156 (45.22%)
62375,128 (37.1%),124 (35.94%)
62376,501 (41.61%),485 (40.28%)
62378,376 (39.37%),351 (36.75%)
62379,694 (40.23%),678 (39.3%)
62380,112 (22.95%),100 (20.49%)
62401,"9,521 (50.85%)","8,844 (47.24%)"
62410,358 (28.66%),347 (27.78%)
62411,"1,747 (42.24%)","1,614 (39.02%)"
62413,154 (46.67%),146 (44.24%)
62414,627 (31.46%),593 (29.75%)
62417,"1,029 (31.36%)",961 (29.29%)
62418,601 (28.51%),578 (27.42%)
62419,131 (56.96%),127 (55.22%)
62420,"1,903 (39.96%)","1,764 (37.04%)"
62421,275 (41.67%),263 (39.85%)
62422,336 (33.53%),321 (32.04%)
62423,263 (54.23%),245 (50.52%)
62424,769 (31.45%),711 (29.08%)
62425,223 (44.42%),219 (43.63%)
62426,266 (30.47%),252 (28.87%)
62427,599 (35.44%),570 (33.73%)
62428,"1,262 (45.02%)","1,176 (41.96%)"
62431,337 (31.97%),326 (30.93%)
62432,199 (47.72%),177 (42.45%)
62433,403 (43.47%),375 (40.45%)
62434,142 (43.43%),130 (39.76%)
62436,208 (29.84%),192 (27.55%)
62438,128 (42.67%),123 (41%)
62439,"2,873 (40.09%)","2,686 (37.48%)"
62440,548 (41.67%),522 (39.7%)
62441,"3,122 (46.01%)","2,870 (42.29%)"
62442,843 (29.96%),792 (28.14%)
62443,538 (32.06%),494 (29.44%)
62444,112 (33.84%),107 (32.33%)
62445,304 (23.57%),280 (21.71%)
62446,129 (37.72%),122 (35.67%)
62447,"1,298 (35.91%)","1,194 (33.03%)"
62448,"2,537 (45.59%)","2,337 (41.99%)"
62449,"1,245 (39.93%)","1,148 (36.82%)"
62450,"5,272 (43.11%)","5,049 (41.28%)"
62451,857 (41.99%),802 (39.29%)
62452,115 (27.32%),106 (25.18%)
62454,"5,350 (48.25%)","4,935 (44.51%)"
62458,850 (42.95%),794 (40.12%)
62459,91 (26.69%),82 (24.05%)
62460,421 (36.48%),394 (34.14%)
62461,307 (45.68%),290 (43.15%)
62462,389 (39.61%),367 (37.37%)
62463,407 (32.77%),387 (31.16%)
62465,353 (36.62%),330 (34.23%)
62466,"1,942 (42.24%)","1,735 (37.73%)"
62467,"1,685 (39.36%)","1,603 (37.44%)"
62468,999 (39.74%),943 (37.51%)
62469,136 (22.3%),128 (20.98%)
62471,"3,489 (33.67%)","3,268 (31.54%)"
62473,486 (33.68%),449 (31.12%)
62474,341 (35.15%),316 (32.58%)
62475,128 (28.76%),119 (26.74%)
62476,488 (30.69%),469 (29.5%)
62477,309 (39.56%),286 (36.62%)
62478,142 (36.5%),136 (34.96%)
62479,295 (31.55%),269 (28.77%)
62480,256 (54.47%),234 (49.79%)
62481,148 (34.42%),120 (27.91%)
62501,"1,222 (42.68%)","1,165 (40.69%)"
62510,636 (41.35%),602 (39.14%)
62512,235 (52.69%),229 (51.35%)
62513,703 (39.78%),658 (37.24%)
62514,95 (52.49%),92 (50.83%)
62515,472 (46.73%),452 (44.75%)
62517,70 (35.18%),69 (34.67%)
62518,179 (100%),172 (97.73%)
62519,36 (59.02%),31 (50.82%)
62520,814 (49.73%),777 (47.46%)
62521,"16,945 (47.69%)","16,029 (45.12%)"
62522,"6,391 (41.88%)","5,975 (39.15%)"
62523,334 (23.21%),310 (21.54%)
62526,"15,036 (46.55%)","14,104 (43.66%)"
62530,836 (57.34%),799 (54.8%)
62531,789 (44.73%),746 (42.29%)
62532,32 (29.09%),31 (28.18%)
62533,498 (64.01%),472 (60.67%)
62534,522 (37.58%),495 (35.64%)
62535,"2,428 (80.85%)","2,304 (76.72%)"
62536,606 (80.91%),580 (77.44%)
62537,71 (93.42%),64 (84.21%)
62538,158 (44.01%),145 (40.39%)
62539,615 (47.42%),588 (45.34%)
62540,605 (38.61%),568 (36.25%)
62541,36 (97.3%),35 (94.59%)
62543,241 (45.39%),235 (44.26%)
62544,872 (54.6%),818 (51.22%)
62545,661 (56.54%),629 (53.81%)
62546,634 (39.04%),602 (37.07%)
62547,339 (36.61%),323 (34.88%)
62548,"1,267 (50.4%)","1,218 (48.45%)"
62549,"3,581 (57.17%)","3,402 (54.31%)"
62550,"1,242 (44.71%)","1,173 (42.22%)"
62551,351 (61.04%),329 (57.22%)
62553,159 (30.87%),155 (30.1%)
62554,802 (61.17%),774 (59.04%)
62555,200 (47.28%),185 (43.74%)
62556,151 (46.32%),149 (45.71%)
62557,"2,795 (39.27%)","2,633 (36.99%)"
62558,"1,893 (56.56%)","1,798 (53.72%)"
62560,744 (62.21%),696 (58.19%)
62561,"2,663 (49.78%)","2,514 (46.99%)"
62563,"3,961 (69.63%)","3,780 (66.44%)"
62565,"3,382 (48.15%)","3,229 (45.97%)"
62567,446 (43.09%),418 (40.39%)
62568,"7,471 (47.32%)","6,886 (43.62%)"
62570,200 (38.91%),182 (35.41%)
62571,450 (27.12%),434 (26.16%)
62572,211 (40.89%),200 (38.76%)
62573,680 (35.56%),648 (33.89%)
62601,220 (62.32%),213 (60.34%)
62610,59 (47.2%),56 (44.8%)
62611,492 (44.13%),477 (42.78%)
62612,894 (49.69%),857 (47.64%)
62613,"2,008 (51.67%)","1,883 (48.46%)"
62615,"2,907 (50.89%)","2,774 (48.56%)"
62617,322 (48.13%),310 (46.34%)
62618,"4,205 (56.84%)","3,842 (51.93%)"
62621,430 (35.98%),412 (34.48%)
62622,23 (32.39%),23 (32.39%)
62624,211 (45.57%),200 (43.2%)
62625,551 (67.03%),531 (64.6%)
62626,"4,344 (56.34%)","4,097 (53.14%)"
62627,409 (39.75%),386 (37.51%)
62628,381 (49.74%),366 (47.78%)
62629,"10,131 (73.76%)","9,668 (70.38%)"
62630,208 (56.99%),195 (53.42%)
62631,156 (57.14%),152 (55.68%)
62633,319 (56.36%),307 (54.24%)
62634,448 (57.81%),419 (54.06%)
62635,375 (53.19%),363 (51.49%)
62638,627 (45.97%),596 (43.7%)
62639,120 (41.24%),117 (40.21%)
62640,"1,812 (50.57%)","1,712 (47.78%)"
62642,744 (50.3%),702 (47.46%)
62643,226 (40.29%),207 (36.9%)
62644,"2,564 (51.84%)","2,465 (49.84%)"
62649,201 (33.28%),190 (31.46%)
62650,"13,445 (50.26%)","12,803 (47.86%)"
62655,224 (48.7%),212 (46.09%)
62656,"9,846 (50.4%)","9,358 (47.9%)"
62661,634 (41.25%),603 (39.23%)
62663,128 (49.42%),119 (45.95%)
62664,"1,416 (46.26%)","1,375 (44.92%)"
62665,552 (40.62%),527 (38.78%)
62666,264 (43.07%),249 (40.62%)
62667,268 (60.22%),248 (55.73%)
62668,637 (50.92%),607 (48.52%)
62670,"1,859 (64.48%)","1,759 (61.01%)"
62671,249 (51.13%),237 (48.67%)
62672,81 (39.71%),78 (38.24%)
62673,208 (44.64%),199 (42.7%)
62674,560 (40.06%),524 (37.48%)
62675,"3,479 (59.28%)","3,272 (55.75%)"
62677,"1,497 (65.98%)","1,426 (62.85%)"
62681,"2,649 (47.71%)","2,551 (45.95%)"
62682,354 (35.9%),341 (34.58%)
62684,"3,530 (60.23%)","3,366 (57.43%)"
62685,905 (37.46%),857 (35.47%)
62688,338 (56.15%),322 (53.49%)
62689,244 (48.51%),235 (46.72%)
62690,"2,020 (50.61%)","1,881 (47.13%)"
62691,"1,166 (58.95%)","1,118 (56.52%)"
62692,931 (43.87%),893 (42.08%)
62693,"1,128 (74.7%)","1,088 (72.05%)"
62694,"1,429 (47.04%)","1,369 (45.06%)"
62695,211 (97.69%),200 (92.59%)
62701,802 (66.5%),736 (61.03%)
62702,"17,960 (52.74%)","16,744 (49.17%)"
62703,"14,000 (45.29%)","13,007 (42.08%)"
62704,"25,100 (61.48%)","23,677 (57.99%)"
62707,"4,343 (62.72%)","4,082 (58.95%)"
62711,"13,632 (81.38%)","13,003 (77.62%)"
62712,"7,147 (69.77%)","6,842 (66.8%)"
62801,"9,491 (44.26%)","8,897 (41.49%)"
62803,531 (49.26%),510 (47.31%)
62806,"1,234 (36.82%)","1,181 (35.24%)"
62807,275 (39.17%),254 (36.18%)
62808,673 (46.8%),636 (44.23%)
62809,98 (68.06%),99 (68.75%)
62810,348 (41.73%),326 (39.09%)
62811,87 (38.33%),79 (34.8%)
62812,"4,615 (42.32%)","4,278 (39.23%)"
62814,658 (33.83%),616 (31.67%)
62815,100 (34.84%),94 (32.75%)
62816,462 (38.56%),427 (35.64%)
62817,168 (36.6%),152 (33.12%)
62818,110 (41.83%),104 (39.54%)
62819,185 (45.34%),174 (42.65%)
62820,67 (44.08%),62 (40.79%)
62821,"3,119 (43.47%)","2,899 (40.4%)"
62822,"1,264 (40.89%)","1,179 (38.14%)"
62823,514 (30.24%),497 (29.24%)
62824,565 (33.02%),552 (32.26%)
62825,98 (48.28%),96 (47.29%)
62827,388 (33.02%),348 (29.62%)
62828,537 (40.25%),504 (37.78%)
62830,530 (42.57%),503 (40.4%)
62831,285 (69.17%),273 (66.26%)
62832,"4,232 (47.83%)","3,914 (44.24%)"
62833,131 (35.31%),130 (35.04%)
62835,441 (44.41%),413 (41.59%)
62836,254 (31.75%),230 (28.75%)
62837,"3,797 (42.38%)","3,618 (40.38%)"
62838,445 (24.5%),428 (23.57%)
62839,"2,527 (39.5%)","2,391 (37.38%)"
62841,103 (78.63%),90 (68.7%)
62842,248 (34.4%),235 (32.59%)
62843,24 (19.51%),24 (19.51%)
62844,784 (35.86%),735 (33.62%)
62846,"1,202 (44.45%)",972 (35.95%)
62848,244 (34.08%),234 (32.68%)
62849,696 (33.14%),659 (31.38%)
62850,80 (22.28%),74 (20.61%)
62851,128 (79.01%),116 (71.6%)
62852,61 (100%),55 (90.16%)
62853,357 (36.17%),340 (34.45%)
62854,524 (30.54%),485 (28.26%)
62856,103 (26.34%),95 (24.3%)
62858,"1,054 (37.78%)","1,006 (36.06%)"
62859,"1,992 (34.17%)","1,865 (32%)"
62860,235 (43.04%),222 (40.66%)
62861,26 (15.76%),25 (15.15%)
62862,129 (39.09%),121 (36.67%)
62863,"4,200 (42.75%)","4,007 (40.79%)"
62864,"10,525 (44.62%)","9,685 (41.06%)"
62865,917 (46.38%),860 (43.5%)
62867,179 (35.38%),166 (32.81%)
62868,662 (38.16%),622 (35.85%)
62869,987 (36.69%),906 (33.68%)
62870,817 (39.09%),777 (37.18%)
62871,270 (46.63%),256 (44.21%)
62872,381 (35.71%),337 (31.58%)
62874,112 (26.99%),107 (25.78%)
62875,425 (33.92%),401 (32%)
62876,115 (72.33%),112 (70.44%)
62877,240 (41.74%),223 (38.78%)
62878,93 (20.99%),85 (19.19%)
62879,*,*
62880,275 (38.95%),261 (36.97%)
62881,"4,625 (42.66%)","4,385 (40.44%)"
62882,767 (32.13%),718 (30.08%)
62883,329 (36.6%),310 (34.48%)
62884,"1,352 (49.78%)","1,260 (46.39%)"
62885,264 (36.57%),260 (36.01%)
62886,109 (38.93%),101 (36.07%)
62887,88 (19.17%),80 (17.43%)
62888,822 (41.43%),767 (38.66%)
62889,348 (37.1%),328 (34.97%)
62890,903 (32.38%),835 (29.94%)
62891,246 (37.67%),235 (35.99%)
62892,105 (28.07%),101 (27.01%)
62893,387 (39.01%),371 (37.4%)
62894,421 (39.68%),402 (37.89%)
62895,683 (33.68%),649 (32%)
62896,"5,001 (41.1%)","4,591 (37.73%)"
62897,170 (46.96%),162 (44.75%)
62898,823 (36.02%),759 (33.22%)
62899,494 (26%),474 (24.95%)
62901,"11,956 (45.6%)","10,889 (41.53%)"
62902,"2,774 (60.73%)","2,591 (56.72%)"
62903,"1,660 (51.7%)","1,533 (47.74%)"
62905,443 (87.72%),399 (79.01%)
62906,"3,972 (60.32%)","3,673 (55.78%)"
62907,977 (48.97%),916 (45.91%)
62908,145 (29.23%),132 (26.61%)
62910,693 (29.3%),620 (26.22%)
62912,479 (35.8%),448 (33.48%)
62914,591 (21.59%),505 (18.44%)
62915,342 (80.47%),318 (74.82%)
62916,385 (38.77%),358 (36.05%)
62917,"1,057 (46.46%)",964 (42.37%)
62918,"5,807 (57.18%)","5,467 (53.84%)"
62919,312 (29.66%),293 (27.85%)
62920,"1,832 (54.62%)","1,683 (50.18%)"
62921,132 (33.5%),122 (30.96%)
62922,"1,184 (46.76%)","1,093 (43.17%)"
62923,225 (46.78%),192 (39.92%)
62924,"1,404 (47.63%)","1,298 (44.03%)"
62926,739 (30.77%),680 (28.31%)
62927,137 (35.77%),125 (32.64%)
62928,112 (61.2%),107 (58.47%)
62930,"2,574 (42.38%)","2,398 (39.48%)"
62931,566 (39.17%),523 (36.19%)
62932,641 (42.79%),593 (39.59%)
62933,659 (47.58%),605 (43.68%)
62934,399 (44.24%),368 (40.8%)
62935,839 (46.64%),791 (43.97%)
62938,919 (30.36%),820 (27.09%)
62939,"1,367 (43.94%)","1,255 (40.34%)"
62940,182 (53.53%),167 (49.12%)
62941,271 (30.28%),246 (27.49%)
62942,261 (46.77%),230 (41.22%)
62943,211 (58.61%),186 (51.67%)
62946,"5,512 (43.53%)","5,050 (39.88%)"
62947,236 (52.56%),218 (48.55%)
62948,"6,194 (46.98%)","5,760 (43.69%)"
62949,331 (39.74%),309 (37.09%)
62950,91 (44.61%),83 (40.69%)
62951,"2,308 (50.89%)","2,165 (47.74%)"
62952,"1,418 (45.14%)","1,314 (41.83%)"
62953,108 (34.5%),100 (31.95%)
62954,198 (41.68%),190 (40%)
62956,309 (33.92%),278 (30.52%)
62957,95 (10.2%),88 (9.45%)
62958,"1,391 (64.82%)","1,314 (61.23%)"
62959,"13,042 (46.25%)","12,111 (42.95%)"
62960,"4,213 (38.44%)","3,822 (34.88%)"
62961,*,*
62962,*,*
62963,152 (23.28%),135 (20.67%)
62964,362 (28.04%),326 (25.25%)
62965,38 (43.18%),38 (43.18%)
62966,"7,682 (50.34%)","7,108 (46.58%)"
62967,113 (47.68%),109 (45.99%)
62969,77 (19.35%),67 (16.83%)
62970,182 (22.22%),163 (19.9%)
62972,461 (44.37%),431 (41.48%)
62974,581 (35.73%),537 (33.03%)
62975,170 (52.31%),158 (48.62%)
62976,138 (38.23%),122 (33.8%)
62977,277 (37.23%),262 (35.22%)
62979,602 (53.09%),563 (49.65%)
62982,494 (51.46%),447 (46.56%)
62983,657 (46.56%),614 (43.52%)
62984,676 (41.14%),613 (37.31%)
62985,334 (46.91%),309 (43.4%)
62987,418 (29.35%),382 (26.83%)
62988,387 (24.65%),356 (22.68%)
62990,143 (17.65%),127 (15.68%)
62992,324 (46.96%),283 (41.01%)
62994,326 (52.16%),308 (49.28%)
62995,"2,597 (43.81%)","2,318 (39.1%)"
62996,185 (39.87%),170 (36.64%)
62997,224 (37.46%),214 (35.79%)
62998,121 (37.46%),113 (34.98%)
62999,639 (35.62%),589 (32.83%)
